Codon (DNA),Abbreviation,ASCII
TTT,Phe,A
TTC,Phe,A
TTA,Leu_1,B
TTG,Leu_1,B
CTT,Leu_1,B
CTC,Leu_2,C
CTA,Leu_2,C
CTG,Leu_2,C
ATT,Ile,D
ATC,Ile,D
ATA,Ile,D
ATG,Met,E
GTT,Val_1,F
GTC,Val_1,F
GTA,Val_2,G
GTG,Val_2,G
TCT,Ser_1,H
TCC,Ser_1,H
TCA,Ser_1,H
TCG,Ser_2,I
CCT,Pro_1,J
CCC,Pro_1,J
CCA,Pro_2, 
CCG,Pro_2, 
ACT,Thr,K
ACC,Thr,K
ACA,Thr,K
ACG,Thr,K
GCT,Ala_1,L
GCC,Ala_1,L
GCA,Ala_2,M
GCG,Ala_2,M
TAT,Tyr,N
TAC,Tyr,N
TAA,Stop,Stop
TAG,Stop,
CAT,His,O
CAC,His,O
CAA,Gln,P
CAG,Gln,P
AAT,Asn,Q
AAC,Asn,Q
AAA,Lys,R
AAG,Lys,R
GAT,Asp,S
GAC,Asp,S
GAA,Glu,T
GAG,Glu,T
TGT,Cys,U
TGC,Cys,U
TGA,Stop,Stop
TGG,Trp,V
CGT,Arg_1,W
CGC,Arg_1,W
CGA,Arg_1,W
CGG,Arg_2,X
AGT,Ser_2,X
AGC,Ser_2,X
AGA,Arg_2,X
AGG,Arg_2,X
GGT,Gly_1,Y
GGC,Gly_1,Y
GGA,Gly_2,Y
GGG,Gly_2,Y